congress,chamber,icpsr,state_icpsr,district_code,state_abbrev,party_code,occupancy,last_means,bioname,bioguide_id,born,died,nominate_dim1,nominate_dim2,nominate_log_likelihood,nominate_geo_mean_probability,nominate_number_of_votes,nominate_number_of_errors,conditional,nokken_poole_dim1,nokken_poole_dim2
117,House,20301,41,3,AL,200,,,"ROGERS, Mike Dennis",R000575,1958,,0.362,0.462,-87.30972,0.8977,809,31,,0.419,0.537
117,House,21102,41,7,AL,100,,,"SEWELL, Terri",S001185,1965,,-0.396,0.398,-22.44236,0.9732,826,9,,-0.492,0.475
117,House,21193,41,5,AL,200,,,"BROOKS, Mo",B001274,1954,,0.652,-0.417,-168.03035,0.8141,817,80,,0.697,-0.288
117,House,21500,41,6,AL,200,,,"PALMER, Gary James",P000609,1954,,0.677,0.091,-113.64257,0.87218,831,53,,0.648,0.245
117,House,22108,41,1,AL,200,,,"CARL, Jerry L.",C001054,1958,,0.506,0.538,-68.63569,0.92109,835,31,,0.51,0.568
117,House,22140,41,2,AL,200,,,"MOORE, Barry",M001212,1966,,0.639,-0.138,-146.58218,0.83721,825,82,,0.633,-0.132
117,House,29701,41,4,AL,200,,,"ADERHOLT, Robert",A000055,1965,,0.384,0.567,-139.60449,0.84484,828,56,,0.541,0.365
117,House,14066,81,1,AK,200,,,"YOUNG, Donald Edwin",Y000033,1933,,0.283,0.022,-83.13235,0.81484,406,33,,0.255,0.047
117,House,22168,81,1,AK,100,,,"PELTOLA, Mary Sattler",P000619,1973,,-0.152,0.342,-4.84043,0.95843,114,1,,-0.627,-0.363
117,House,21995,93,0,AS,200,,,"RADEWAGEN, Aumua Amata Coleman",R000600,1947,,0.404,0.075,,,,,,,
117,House,20305,61,3,AZ,100,,,"GRIJALVA, Raúl M.",G000551,1948,,-0.598,-0.254,-11.34142,0.98633,824,4,,-0.527,-0.305
117,House,20902,61,2,AZ,100,,,"KIRKPATRICK, Ann",K000368,1950,,-0.169,-0.01,-30.95096,0.96374,838,14,,-0.423,0.144
117,House,21103,61,4,AZ,200,,,"GOSAR, Paul",G000565,1958,,0.698,-0.479,-155.40524,0.82793,823,74,,0.733,-0.53
117,House,21105,61,6,AZ,200,,,"SCHWEIKERT, David",S001183,1962,,0.572,-0.286,-160.09379,0.82591,837,74,,0.549,-0.241
117,House,21502,61,7,AZ,100,,,"GALLEGO, Ruben",G000574,1979,,-0.436,0.064,-16.33024,0.98066,836,8,,-0.488,0.334
117,House,21705,61,5,AZ,200,,,"BIGGS, Andrew S.",B001302,1958,,0.837,-0.547,-129.20504,0.85616,832,55,,0.773,-0.635
117,House,21739,61,1,AZ,100,,,"O'HALLERAN, Thomas C.",O000171,1946,,-0.198,0.18,-27.28299,0.96759,828,7,,-0.298,0.492
117,House,21757,61,8,AZ,200,,,"LESKO, Debbie",L000589,1958,,0.616,-0.101,-131.89384,0.8422,768,51,,0.614,-0.139
117,House,21968,61,9,AZ,100,,,"STANTON, Greg",S001211,1970,,-0.281,0.219,-21.11991,0.97517,840,8,,-0.264,0.254
117,House,21106,42,1,AR,200,,,"CRAWFORD, Rick",C001087,1966,,0.445,0.43,-132.62511,0.85281,833,49,,0.558,0.339
117,House,21108,42,3,AR,200,,,"WOMACK, Steve",W000809,1957,,0.351,0.585,-78.73613,0.91053,840,33,,0.334,0.586
117,House,21503,42,2,AR,200,,,"HILL, French",H001072,1956,,0.436,0.278,-70.08517,0.91912,831,26,,0.398,0.353
117,House,21563,42,4,AR,200,,,"WESTERMAN, Bruce Eugene",W000821,1967,,0.544,0.372,-72.45779,0.91631,829,26,,0.537,0.375
117,House,15448,71,12,CA,100,,,"PELOSI, Nancy",P000197,1940,,-0.49,-0.202,-0.66189,0.99454,121,0,,-0.413,0.253
117,House,20104,71,28,CA,100,,,"SCHIFF, Adam",S001150,1960,,-0.35,-0.133,-16.17482,0.98093,840,7,,-0.457,-0.173
117,House,20107,71,50,CA,200,,,"ISSA, Darrell",I000056,1953,,0.491,-0.027,-104.49395,0.87911,811,37,,0.418,0.252
117,House,20307,71,22,CA,200,,,"NUNES, Devin",N000181,1973,,0.45,0.223,-18.62697,0.95129,373,6,,0.456,0.68
117,House,20310,71,38,CA,100,,,"SÁNCHEZ, Linda T.",S001156,1969,,-0.508,-0.138,-10.6381,0.98733,834,4,,-0.453,-0.179
117,House,20501,71,16,CA,100,,,"COSTA, Jim",C001059,1952,,-0.194,0.457,-35.82444,0.95725,820,9,,-0.245,0.176
117,House,20538,71,6,CA,100,,,"MATSUI, Doris",M001163,1944,,-0.435,-0.154,-17.23408,0.97943,829,7,,-0.458,-0.035
117,House,20702,71,9,CA,100,,,"McNERNEY, Jerry",M001166,1951,,-0.263,-0.159,-17.91455,0.97877,835,6,,-0.43,-0.142
117,House,20703,71,23,CA,200,,,"MCCARTHY, Kevin",M001165,1965,,0.457,0.222,-83.74339,0.90246,816,29,,0.457,0.304
117,House,20762,71,14,CA,100,,,"SPEIER, Karen Lorraine Jacqueline (Jackie)",S001175,1950,,-0.381,-0.41,-41.4487,0.94926,796,10,,-0.389,-0.11
117,House,20903,71,4,CA,200,,,"McCLINTOCK, Tom",M001177,1956,,0.687,-0.409,-236.24648,0.74968,820,111,,0.614,-0.418
117,House,20955,71,27,CA,100,,,"CHU, Judy",C001080,1953,,-0.489,-0.373,-14.39516,0.98297,838,4,,-0.573,-0.255
117,House,20958,71,3,CA,100,,,"GARAMENDI, John",G000559,1945,,-0.309,-0.097,-24.84757,0.97054,831,9,,-0.317,-0.175
117,House,21110,71,37,CA,100,,,"BASS, Karen",B001270,1953,,-0.584,-0.098,-20.59215,0.97437,793,3,,-0.553,-0.015
117,House,21302,71,1,CA,200,,,"LaMALFA, Doug",L000578,1960,,0.531,0.061,-142.33312,0.83958,814,60,,0.519,-0.007
117,House,21303,71,2,CA,100,,,"HUFFMAN, Jared",H001068,1964,,-0.431,-0.565,-12.9729,0.98457,834,4,,-0.524,-0.441
117,House,21304,71,7,CA,100,,,"BERA, Ami",B001287,1965,,-0.238,0.014,-20.41148,0.97539,819,7,,-0.352,0.115
117,House,21306,71,15,CA,100,,,"SWALWELL, Eric",S001193,1980,,-0.363,-0.086,-21.47718,0.97458,834,7,,-0.285,-0.051
117,House,21307,71,21,CA,200,,,"VALADAO, David G.",V000129,1977,,0.265,0.386,-72.26401,0.91594,823,23,,0.283,0.311
117,House,21308,71,26,CA,100,,,"BROWNLEY, Julia",B001285,1952,,-0.291,0.05,-13.7796,0.98357,832,2,,-0.393,0.224
117,House,21309,71,29,CA,100,,,"CÁRDENAS, Tony",C001097,1963,,-0.39,0.005,-20.39612,0.97567,828,10,,-0.527,0.007
117,House,21311,71,36,CA,100,,,"RUIZ, Raul",R000599,1972,,-0.249,0.052,-22.17773,0.97391,839,12,,-0.482,0.292
117,House,21312,71,41,CA,100,,,"TAKANO, Mark",T000472,1960,,-0.465,-0.272,-15.90542,0.981,829,9,,-0.466,-0.383
117,House,21313,71,47,CA,100,,,"LOWENTHAL, Alan",L000579,1941,,-0.449,-0.384,-23.48437,0.97223,834,9,,-0.409,-0.501
117,House,21314,71,51,CA,100,,,"VARGAS, Juan",V000130,1961,,-0.404,0.065,-19.58421,0.97657,826,8,,-0.507,-0.08
117,House,21315,71,52,CA,100,,,"PETERS, Scott",P000608,1958,,-0.186,-0.033,-27.60406,0.96702,823,11,,-0.258,0.288
117,House,21504,71,11,CA,100,,,"DESAULNIER, Mark James",D000623,1952,,-0.526,-0.379,-15.86512,0.98116,834,7,,-0.544,-0.38
117,House,21506,71,31,CA,100,,,"AGUILAR, Peter Rey",A000371,1979,,-0.302,0.13,-16.84762,0.9801,838,6,,-0.406,0.281
117,House,21507,71,33,CA,100,,,"LIEU, Ted",L000582,1969,,-0.379,-0.242,-15.84333,0.98116,833,5,,-0.434,-0.126
117,House,21508,71,35,CA,100,,,"TORRES, Norma Judith",T000474,1965,,-0.363,0.044,-22.51563,0.97311,826,8,,-0.481,0.33
117,House,21703,71,44,CA,100,,,"BARRAGÁN, Nanette Diaz",B001300,1976,,-0.516,-0.052,-17.20377,0.97951,831,4,,-0.483,-0.284
117,House,21709,71,24,CA,100,,,"CARBAJAL, Salud",C001112,1964,,-0.302,0.103,-20.13256,0.97632,840,10,,-0.292,-0.022
117,House,21711,71,46,CA,100,,,"CORREA, Jose Luis",C001110,1958,,-0.289,0.262,-40.24824,0.95311,838,18,,-0.331,0.057
117,House,21728,71,17,CA,100,,,"KHANNA, Rohit",K000389,1976,,-0.516,-0.24,-17.53585,0.97919,834,9,,-0.333,-0.429
117,House,21740,71,20,CA,100,,,"PANETTA, James Varni",P000613,1969,,-0.286,0.129,-30.99695,0.96377,840,14,,-0.248,0.17
117,House,21754,71,34,CA,100,,,"GOMEZ, Jimmy",G000585,1974,,-0.569,-0.28,-19.44347,0.97698,835,8,,-0.398,-0.57
117,House,21930,71,10,CA,100,,,"HARDER, Josh",H001090,1986,,-0.352,0.574,-22.25547,0.97373,836,8,,-0.37,0.459
117,House,21939,71,49,CA,100,,,"LEVIN, Mike",L000593,1978,,-0.351,0.178,-17.52757,0.97935,840,10,,-0.414,0.35
117,House,21954,71,45,CA,100,,,"PORTER, Katie",P000618,1974,,-0.209,-0.282,-36.48215,0.95735,837,14,,-0.281,-0.414
117,House,21988,71,25,CA,200,,,"GARCIA, Mike",G000061,1976,,0.374,0.093,-105.88569,0.88063,833,44,,0.365,0.044
117,House,22126,71,53,CA,100,,,"JACOBS, Sara",J000305,1989,,-0.346,-0.463,-15.77187,0.98113,828,8,,-0.33,-0.446
117,House,22129,71,39,CA,200,,,"KIM, Young",K000397,1962,,0.279,0.247,-88.83291,0.89919,836,42,,0.275,0.25
117,House,22145,71,8,CA,200,,,"OBERNOLTE, Jay",O000019,1970,,0.33,0.17,-126.62599,0.85913,834,52,,0.323,0.229
117,House,22152,71,48,CA,200,,,"STEEL, Michelle",S001135,1955,,0.352,0.349,-80.25039,0.90784,830,37,,0.359,0.338
117,House,22164,71,22,CA,200,,,"CONWAY, Connie",C001128,1950,,0.376,0.295,-21.90512,0.9099,232,9,,0.379,0.27
117,House,29106,71,43,CA,100,,,"WATERS, Maxine",W000187,1938,,-0.656,-0.074,-52.52196,0.93774,817,20,,-0.883,-0.035
117,House,29312,71,18,CA,100,,,"ESHOO, Anna Georges",E000215,1942,,-0.38,-0.406,-23.16303,0.97261,834,10,,-0.362,-0.124
117,House,29317,71,40,CA,100,,,"ROYBAL-ALLARD, Lucille",R000486,1941,,-0.469,-0.171,-24.87001,0.97069,836,11,,-0.428,0.179
117,House,29323,71,42,CA,200,,,"CALVERT, Ken",C000059,1953,,0.348,0.232,-74.14392,0.91435,828,37,,0.335,0.44
117,House,29504,71,19,CA,100,,,"LOFGREN, Zoe",L000397,1947,,-0.399,-0.429,-40.04208,0.95279,828,12,,-0.277,-0.307
117,House,29707,71,30,CA,100,,,"SHERMAN, Brad",S000344,1954,,-0.344,-0.145,-16.91099,0.97997,836,5,,-0.422,0.11
117,House,29778,71,13,CA,100,,,"LEE, Barbara",L000551,1946,,-0.678,-0.573,-15.72546,0.98128,832,5,,-0.506,-0.589
117,House,29901,71,5,CA,100,,,"THOMPSON, Michael",T000460,1951,,-0.393,0.068,-20.11031,0.97629,838,8,,-0.295,-0.079
117,House,29903,71,32,CA,100,,,"NAPOLITANO, Grace Flores",N000179,1936,,-0.448,-0.247,-10.0655,0.98807,839,2,,-0.458,-0.2
117,House,20704,62,5,CO,200,,,"LAMBORN, Doug",L000564,1954,,0.667,0.224,-114.03521,0.8709,825,50,,0.596,0.18
117,House,20705,62,7,CO,100,,,"PERLMUTTER, Ed",P000593,1953,,-0.282,0.072,-21.52777,0.97464,838,11,,-0.349,0.041
117,House,21510,62,4,CO,200,,,"BUCK, Kenneth Robert",B001297,1959,,0.712,-0.441,-159.08429,0.81844,794,89,,0.677,-0.445
117,House,21912,62,6,CO,100,,,"CROW, Jason",C001121,1979,,-0.298,0.236,-20.97737,0.97516,834,11,,-0.335,0.23
117,House,21948,62,2,CO,100,,,"NEGUSE, Joseph",N000191,1984,,-0.384,-0.283,-14.03491,0.98341,839,5,,-0.313,-0.3
117,House,22103,62,3,CO,200,,,"BOEBERT, Lauren",B000825,1986,,0.753,-0.551,-137.95483,0.84498,819,66,,0.761,-0.534
117,House,29710,62,1,CO,100,,,"DeGETTE, Diana",D000197,1957,,-0.431,-0.306,-19.34093,0.97713,836,9,,-0.371,-0.253
117,House,20706,1,2,CT,100,,,"COURTNEY, Joe",C001069,1953,,-0.342,0.025,-27.04971,0.96831,840,15,,-0.278,-0.036
117,House,20907,1,4,CT,100,,,"HIMES, James A.",H001047,1966,,-0.239,-0.231,-44.46806,0.9482,836,15,,-0.204,-0.183
117,House,21931,1,5,CT,100,,,"HAYES, Jahana",H001081,1973,,-0.37,-0.079,-32.55318,0.96199,840,13,,-0.373,-0.147
117,House,29109,1,3,CT,100,,,"DeLAURO, Rosa L.",D000216,1943,,-0.414,-0.116,-56.50103,0.93457,835,18,,-0.257,-0.29
117,House,29908,1,1,CT,100,,,"LARSON, John B.",L000557,1948,,-0.396,-0.049,-33.7245,0.96018,830,12,,-0.282,-0.104
117,House,21706,11,1,DE,100,,,"BLUNT ROCHESTER, Lisa",B001303,1962,,-0.337,-0.16,-18.07357,0.97869,839,9,,-0.377,-0.159
117,House,21993,55,0,DC,100,,,"NORTON, Eleanor Holmes",N000147,1937,,-0.496,-0.033,-0.23639,0.98198,13,0,,-0.411,-0.874
117,House,20316,43,25,FL,200,,,"DIAZ-BALART, Mario",D000600,1961,,0.284,0.13,-86.65551,0.89995,822,29,,0.311,0.332
117,House,20504,43,23,FL,100,,,"WASSERMAN SCHULTZ, Debbie",W000797,1966,,-0.42,0.081,-25.62559,0.96992,839,12,,-0.362,0.238
117,House,20708,43,14,FL,100,,,"CASTOR, Kathy",C001066,1966,,-0.438,0.053,-25.85968,0.96929,829,13,,-0.506,0.311
117,House,20709,43,16,FL,200,,,"BUCHANAN, Vernon G.",B001260,1951,,0.363,-0.107,-95.92065,0.88999,823,28,,0.429,0.226
117,House,20758,43,12,FL,200,,,"BILIRAKIS, Gus",B001257,1963,,0.408,0.018,-85.17626,0.9028,833,29,,0.433,0.07
117,House,20909,43,8,FL,200,,,"POSEY, Bill",P000599,1947,,0.526,-0.337,-165.88394,0.81399,806,67,,0.541,-0.326
117,House,20959,43,22,FL,100,,,"DEUTCH, Theodore E. (Ted)",D000610,1966,,-0.401,-0.078,-13.51561,0.98183,737,6,,-0.469,0.307
117,House,21116,43,11,FL,200,,,"WEBSTER, Daniel A.",W000806,1949,,0.528,-0.098,-139.57645,0.83441,771,66,,0.583,-0.108
117,House,21118,43,24,FL,100,,,"WILSON, Frederica",W000808,1942,,-0.48,-0.012,-16.95031,0.97983,832,9,,-0.572,0.123
117,House,21321,43,21,FL,100,,,"FRANKEL, Lois",F000462,1948,,-0.402,-0.071,-21.82951,0.97407,831,13,,-0.524,0.174
117,House,21712,43,13,FL,100,,,"CRIST, Charlie Joseph Jr.",C001111,1956,,-0.227,0.079,-21.6091,0.97051,722,10,,-0.26,0.273
117,House,21713,43,10,FL,100,,,"DEMINGS, Valdez Butler",D000627,1957,,-0.322,-0.006,-35.54213,0.95843,837,18,,-0.241,0.204
117,House,21714,43,2,FL,200,,,"DUNN, Neal Patrick",D000628,1953,,0.507,0.355,-83.23012,0.90415,826,31,,0.47,0.506
117,House,21719,43,1,FL,200,,,"GAETZ, Matthew L. II",G000578,1982,,0.597,-0.641,-260.18816,0.72811,820,113,,0.562,-0.717
117,House,21732,43,5,FL,100,,,"LAWSON, Alfred Jr.",L000586,1948,,-0.26,0.076,-26.65543,0.96862,836,10,,-0.344,0.163
117,House,21735,43,18,FL,200,,,"MAST, Brian Jeffery",M001199,1980,,0.465,-0.38,-203.701,0.7798,819,109,,0.519,-0.363
117,House,21738,43,7,FL,100,,,"MURPHY, Stephanie",M001202,1978,,-0.161,0.123,-56.4531,0.93009,779,20,,-0.181,0.332
117,House,21744,43,4,FL,200,,,"RUTHERFORD, John Henry",R000609,1952,,0.436,0.031,-168.38765,0.81062,802,71,,0.478,-0.051
117,House,21746,43,9,FL,100,,,"SOTO, Darren Michael",S001200,1978,,-0.37,0.161,-27.67568,0.96751,838,13,,-0.296,0.174
117,House,21971,43,17,FL,200,,,"STEUBE, William",S001214,1978,,0.687,-0.278,-135.12108,0.84722,815,50,,0.74,-0.151
117,House,21981,43,6,FL,200,,,"WALTZ, Michael",W000823,1974,,0.415,-0.046,-90.48972,0.89647,828,30,,0.429,0.155
117,House,22107,43,3,FL,200,,,"CAMMACK, Kat",C001039,1988,,0.583,-0.222,-142.22616,0.84252,830,62,,0.593,-0.192
117,House,22111,43,19,FL,200,,,"DONALDS, Byron",D000032,1978,,0.646,-0.165,-124.12621,0.85792,810,59,,0.647,-0.155
117,House,22116,43,15,FL,200,,,"FRANKLIN, C. Scott",F000472,1964,,0.599,0.12,-101.62378,0.88463,829,44,,0.602,0.129
117,House,22118,43,26,FL,200,,,"GIMENEZ, Carlos A.",G000593,1954,,0.309,0.149,-95.11728,0.89246,836,38,,0.309,0.15
117,House,22150,43,27,FL,200,,,"SALAZAR, Maria Elvira",S000168,1961,,0.268,0.108,-125.89684,0.85735,818,54,,0.266,0.06
117,House,22163,43,20,FL,100,,,"CHERFILUS-MCCORMICK, Sheila",C001127,1979,,-0.625,0.278,-13.05437,0.97128,448,6,,-0.63,0.452
117,House,29337,43,20,FL,100,,,"HASTINGS, Alcee Lamar",H000324,1936,2021,-0.564,0.157,-1.0145,0.988,84,0,,-0.567,-0.227
117,House,20321,44,13,GA,100,,,"SCOTT, David",S001157,1945,,-0.304,0.165,-18.81206,0.97762,831,6,,-0.428,0.363
117,House,20712,44,4,GA,100,,,"JOHNSON, Hank",J000288,1954,,-0.469,-0.009,-18.11428,0.9781,818,7,,-0.428,-0.286
117,House,21123,44,8,GA,200,,,"SCOTT, Austin",S001189,1969,,0.56,0.228,-87.87592,0.89826,819,39,,0.54,0.288
117,House,21513,44,1,GA,200,,,"CARTER, Buddy",C001103,1957,,0.557,0.312,-76.36331,0.90786,790,28,,0.509,0.331
117,House,21514,44,10,GA,200,,,"HICE, Jody Brownlow",H001071,1960,,0.797,-0.242,-131.67576,0.84575,786,64,,0.762,-0.402
117,House,21515,44,11,GA,200,,,"LOUDERMILK, Barry D.",L000583,1963,,0.685,-0.019,-119.0102,0.86241,804,65,,0.669,-0.042
117,House,21516,44,12,GA,200,,,"ALLEN, Rick W.",A000372,1951,,0.695,0.226,-121.76782,0.86185,819,61,,0.727,0.202
117,House,21717,44,3,GA,200,,,"FERGUSON, Anderson Drew IV",F000465,1966,,0.603,0.14,-122.87963,0.86177,826,52,,0.577,0.069
117,House,21944,44,6,GA,100,,,"McBATH, Lucy",M001208,1960,,-0.293,0.237,-23.23886,0.97268,839,9,,-0.359,0.306
117,House,22104,44,7,GA,100,,,"BOURDEAUX, Carolyn",B001312,1970,,-0.303,0.463,-34.0652,0.96026,840,12,,-0.303,0.464
117,House,22110,44,9,GA,200,,,"CLYDE, Andrew S.",C001116,1963,,0.809,-0.119,-134.13004,0.84893,819,62,,0.794,-0.156
117,House,22121,44,14,GA,200,,,"GREENE, Marjorie Taylor",G000596,1974,,0.8,-0.6,-98.31362,0.88714,821,40,,0.785,-0.62
117,House,22156,44,5,GA,100,,,"WILLIAMS, Nikema",W000788,1978,,-0.44,-0.384,-13.67423,0.98383,839,4,,-0.39,-0.418
117,House,29339,44,2,GA,100,,,"BISHOP, Sanford Dixon, Jr.",B000490,1947,,-0.284,0.455,-26.17717,0.96906,833,12,,-0.403,0.382
117,House,21997,94,0,GU,100,,,"SAN NICOLAS, Michael",S001204,1981,,-0.41,-0.52,-0.09024,0.99251,12,0,,-0.41,-0.875
117,House,20322,82,1,HI,100,,,"CASE, Ed",C001055,1952,,-0.196,-0.087,-39.27512,0.95384,831,13,,-0.192,0.056
117,House,22128,82,2,HI,100,,,"KAHELE, Kaialiʻi",K000396,1974,,-0.353,0.052,-17.5342,0.97922,835,9,,-0.354,0.052
117,House,21920,63,1,ID,200,,,"FULCHER, Russell",F000469,1962,,0.641,-0.012,-141.55356,0.83652,793,64,,0.651,-0.01
117,House,29910,63,2,ID,200,,,"SIMPSON, Michael K.",S001148,1950,,0.301,0.288,-111.38634,0.87033,802,45,,0.333,0.324
117,House,20749,21,11,IL,100,,,"FOSTER, Bill",F000454,1955,,-0.231,-0.214,-22.35646,0.97364,837,7,,-0.356,-0.066
117,House,20954,21,5,IL,100,,,"QUIGLEY, Mike",Q000023,1958,,-0.323,-0.262,-17.83964,0.97889,836,6,,-0.372,-0.015
117,House,21128,21,16,IL,200,,,"KINZINGER, Adam",K000378,1978,,0.234,0.382,-159.10857,0.74997,553,81,,0.14,0.468
117,House,21326,21,10,IL,100,,,"SCHNEIDER, Brad",S001190,1961,,-0.184,-0.151,-28.7754,0.96617,836,14,,-0.415,0.548
117,House,21328,21,13,IL,200,,,"DAVIS, Rodney",D000619,1970,,0.279,0.17,-95.7811,0.88808,807,38,,0.295,0.154
117,House,21329,21,17,IL,100,,,"BUSTOS, Cheri",B001286,1961,,-0.239,0.054,-25.52481,0.96887,807,11,,-0.263,0.347
117,House,21371,21,2,IL,100,,,"KELLY, Robin L.",K000385,1956,,-0.465,-0.018,-18.88511,0.97769,837,9,,-0.523,-0.057
117,House,21519,21,12,IL,200,,,"BOST, Mike",B001295,1960,,0.306,0.353,-110.65757,0.87231,810,54,,0.349,0.115
117,House,21562,21,18,IL,200,,,"LaHOOD, Darin",L000585,1968,,0.462,0.207,-68.85886,0.92066,833,25,,0.466,0.317
117,House,21730,21,8,IL,100,,,"KRISHNAMOORTHI, S. Raja",K000391,1973,,-0.317,-0.038,-23.59979,0.9722,837,9,,-0.321,0.11
117,House,21906,21,6,IL,100,,,"CASTEN, Sean",C001117,1971,,-0.678,0.594,-67.63798,0.92055,817,24,,-0.818,0.575
117,House,21921,21,4,IL,100,,,"GARCÍA, Jesús",G000586,1956,,-0.455,-0.827,-25.39252,0.96994,832,9,,-0.437,-0.836
117,House,21979,21,14,IL,100,,,"UNDERWOOD, Lauren",U000040,1986,,-0.556,0.494,-17.97816,0.9788,839,8,,-0.455,0.352
117,House,22138,21,15,IL,200,,,"MILLER, Mary E.",M001211,1959,,0.796,-0.247,-124.23325,0.8501,765,53,,0.792,-0.255
117,House,22144,21,3,IL,100,,,"NEWMAN, Marie",N000192,1964,,-0.588,-0.303,-11.65067,0.98618,837,6,,-0.591,-0.302
117,House,29346,21,1,IL,100,,,"RUSH, Bobby L.",R000515,1946,,-0.479,-0.203,-12.41116,0.98526,836,5,,-0.548,-0.16
117,House,29717,21,7,IL,100,,,"DAVIS, Danny K.",D000096,1941,,-0.487,-0.263,-13.07327,0.98415,818,5,,-0.496,-0.342
117,House,29911,21,9,IL,100,,,"SCHAKOWSKY, Janice D.",S001145,1944,,-0.604,-0.272,-23.36581,0.97224,830,10,,-0.352,-0.472
117,House,20757,22,7,IN,100,,,"CARSON, André",C001072,1974,,-0.427,0.049,-17.43921,0.97936,836,10,,-0.345,-0.082
117,House,21132,22,8,IN,200,,,"BUCSHON, Larry",B001275,1962,,0.408,0.272,-66.41729,0.92247,823,28,,0.414,0.395
117,House,21330,22,2,IN,200,,,"WALORSKI, Jackie",W000813,1963,2022,0.436,0.315,-54.20181,0.92748,720,16,,0.477,0.339
117,House,21702,22,3,IN,200,,,"BANKS, James E.",B001299,1979,,0.647,0.014,-126.43006,0.85712,820,60,,0.658,0.034
117,House,21725,22,9,IN,200,,,"HOLLINGSWORTH, Joseph Albert III",H001074,1983,,0.417,-0.243,-155.30678,0.8143,756,65,,0.422,-0.226
117,House,21903,22,4,IN,200,,,"BAIRD, James",B001307,1945,,0.479,0.36,-99.61514,0.88716,832,38,,0.515,0.246
117,House,21952,22,6,IN,200,,,"PENCE, Gregory",P000615,1956,,0.543,0.006,-150.44724,0.8258,786,60,,0.619,0.006
117,House,22142,22,1,IN,100,,,"MRVAN, Frank J.",M001214,1969,,-0.314,0.296,-15.73778,0.98135,836,7,,-0.3,0.247
117,House,22151,22,5,IN,200,,,"SPARTZ, Victoria",S000929,1978,,0.446,-0.015,-88.8508,0.89707,818,27,,0.43,0.079
117,House,22171,22,2,IN,200,,,"YAKYM, Rudy, III",Y000067,1984,,0.457,0.631,-6.33178,0.9058,64,3,,0.457,0.503
117,House,21902,31,3,IA,100,,,"AXNE, Cynthia",A000378,1965,,-0.25,0.528,-20.3222,0.97604,838,5,,-0.29,0.439
117,House,22113,31,4,IA,200,,,"FEENSTRA, Randy",F000446,1969,,0.442,0.318,-65.09021,0.92509,836,24,,0.444,0.299
117,House,22124,31,1,IA,200,,,"HINSON, Ashley",H001091,1983,,0.368,0.116,-109.61652,0.87628,830,37,,0.369,0.076
117,House,22139,31,2,IA,200,,,"MILLER-MEEKS, Mariannette",M001215,1955,,0.303,0.316,-82.40292,0.9056,831,39,,0.302,0.364
117,House,21750,32,4,KS,200,,,"ESTES, Ron",E000298,1956,,0.641,0.035,-111.49302,0.8693,796,62,,0.702,0.062
117,House,21914,32,3,KS,100,,,"DAVIDS, Sharice",D000629,1980,,-0.252,0.218,-21.56925,0.97459,838,7,,-0.28,0.359
117,House,22130,32,2,KS,200,,,"LATURNER, Jake",L000266,1988,,0.485,0.412,-52.63524,0.93848,829,18,,0.48,0.432
117,House,22134,32,1,KS,200,,,"MANN, Tracey",M000871,1976,,0.651,0.155,-112.67318,0.87447,840,54,,0.658,0.158
117,House,14854,51,5,KY,200,,,"ROGERS, Harold Dallas (Hal)",R000395,1937,,0.338,0.123,-81.7407,0.90675,835,34,,0.348,0.551
117,House,20723,51,3,KY,100,,,"YARMUTH, John",Y000062,1947,,-0.378,-0.275,-17.65847,0.97654,744,6,,-0.349,-0.357
117,House,20916,51,2,KY,200,,,"GUTHRIE, Brett",G000558,1964,,0.42,0.291,-51.82861,0.94003,838,19,,0.42,0.435
117,House,21333,51,6,KY,200,,,"BARR, Garland H. (Andy) IV",B001282,1973,,0.476,0.331,-70.27061,0.91873,829,29,,0.431,0.36
117,House,21565,51,1,KY,200,,,"COMER, James",C001108,1972,,0.588,-0.01,-148.90882,0.83648,834,72,,0.54,-0.087
117,House,31102,51,4,KY,200,,,"MASSIE, Thomas",M001184,1971,,0.678,-0.735,-182.25981,0.79873,811,75,,0.669,-0.744
117,House,20759,45,1,LA,200,,,"SCALISE, Steve",S001176,1965,,0.557,0.162,-84.64055,0.90066,809,32,,0.533,0.223
117,House,21137,45,2,LA,100,,,"RICHMOND, Cedric",R000588,1973,,-0.486,0.332,-0.00248,0.99982,14,0,,-0.387,-0.04
117,House,21523,45,6,LA,200,,,"GRAVES, Garret",G000577,1972,,0.435,0.036,-102.49442,0.8833,826,38,,0.393,0.313
117,House,21724,45,3,LA,200,,,"HIGGINS, Clay",H001077,1961,,0.624,-0.315,-193.42303,0.77241,749,98,,0.648,-0.394
117,House,21727,45,4,LA,200,,,"JOHNSON, Mike",J000299,1972,,0.561,0.016,-109.186,0.87346,807,50,,0.588,0.139
117,House,22157,45,5,LA,200,,,"LETLOW, Julia",L000595,1981,,0.413,0.558,-58.40787,0.9244,743,22,,0.416,0.534
117,House,22158,45,2,LA,100,,,"CARTER, Troy",C001125,1963,,-0.49,0.219,-20.18788,0.97227,718,11,,-0.38,0.164
117,House,20920,2,1,ME,100,,,"PINGREE, Chellie",P000597,1955,,-0.42,-0.372,-23.89941,0.97188,838,9,,-0.384,-0.15
117,House,21923,2,2,ME,100,,,"GOLDEN, Jared",G000592,1982,,-0.113,0.372,-118.75312,0.86425,814,51,,-0.11,0.358
117,House,14873,52,5,MD,100,,,"HOYER, Steny Hamilton",H000874,1939,,-0.381,0.119,-15.60675,0.98119,822,6,,-0.456,0.356
117,House,15433,52,7,MD,100,,,"MFUME, Kweisi",M000687,1948,,-0.444,-0.389,-17.47995,0.97893,821,5,,-0.429,-0.21
117,House,20329,52,2,MD,100,,,"RUPPERSBERGER, C. A. (Dutch)",R000576,1946,,-0.296,0.128,-18.81195,0.97762,831,9,,-0.316,0.087
117,House,20724,52,3,MD,100,,,"SARBANES, John",S001168,1962,,-0.467,-0.073,-14.89315,0.98236,837,6,,-0.414,-0.098
117,House,21139,52,1,MD,200,,,"HARRIS, Andy",H001052,1957,,0.674,-0.398,-157.3431,0.8254,820,76,,0.741,-0.331
117,House,21707,52,4,MD,100,,,"BROWN, Anthony Gregory",B001304,1961,,-0.344,-0.063,-27.01327,0.96786,827,15,,-0.511,0.323
117,House,21741,52,8,MD,100,,,"RASKIN, Jamie Ben",R000606,1962,,-0.536,-0.243,-14.84165,0.98226,829,6,,-0.377,-0.435
117,House,21978,52,6,MD,100,,,"TRONE, David",T000483,1955,,-0.3,0.162,-24.08923,0.9715,833,8,,-0.319,0.401
117,House,15616,3,1,MA,100,,,"NEAL, Richard Edmund",N000015,1949,,-0.417,-0.107,-16.59322,0.9803,834,7,,-0.41,0.057
117,House,20119,3,8,MA,100,,,"LYNCH, Stephen F.",L000562,1955,,-0.349,0.037,-18.22309,0.97839,834,6,,-0.29,0.036
117,House,21140,3,9,MA,100,,,"KEATING, William R.",K000375,1952,,-0.332,-0.115,-18.62791,0.97757,821,8,,-0.335,0.113
117,House,21375,3,5,MA,100,,,"CLARK, Katherine M.",C001101,1963,,-0.482,-0.341,-11.65498,0.98616,836,5,,-0.464,-0.3
117,House,21525,3,6,MA,100,,,"MOULTON, Seth",M001196,1978,,-0.281,-0.047,-34.8968,0.95921,838,11,,-0.225,-0.066
117,House,21955,3,7,MA,100,,,"PRESSLEY, Ayanna",P000617,1974,,-0.331,-0.944,-29.21484,0.96562,835,10,,-0.747,-0.665
117,House,21977,3,3,MA,100,,,"TRAHAN, Lori",T000482,1973,,-0.431,-0.133,-15.09299,0.98217,839,7,,-0.457,-0.062
117,House,22100,3,4,MA,100,,,"AUCHINCLOSS, Jake",A000148,1988,,-0.321,-0.41,-25.13718,0.97041,837,7,,-0.323,-0.46
117,House,29729,3,2,MA,100,,,"McGOVERN, James P.",M000312,1959,,-0.538,-0.314,-14.5991,0.98263,833,6,,-0.496,-0.558
117,House,15446,23,6,MI,200,,,"UPTON, Frederick Stephen",U000031,1953,,0.32,-0.355,-208.10778,0.78033,839,106,,0.205,-0.027
117,House,20725,23,7,MI,200,,,"WALBERG, Tim",W000798,1951,,0.509,0.111,-100.50608,0.88647,834,31,,0.485,0.209
117,House,21142,23,2,MI,200,,,"HUIZENGA, Bill",H001058,1969,,0.553,-0.008,-121.01666,0.86418,829,51,,0.494,0.068
117,House,21372,23,5,MI,100,,,"KILDEE, Dan",K000380,1958,,-0.377,-0.169,-22.36683,0.97366,838,8,,-0.266,-0.279
117,House,21526,23,4,MI,200,,,"MOOLENAAR, John",M001194,1961,,0.445,0.21,-129.75804,0.85687,840,59,,0.511,0.064
117,House,21529,23,12,MI,100,,,"DINGELL, Debbie",D000624,1953,,-0.404,-0.146,-21.59845,0.97444,834,7,,-0.371,-0.178
117,House,21530,23,14,MI,100,,,"LAWRENCE, Brenda L",L000581,1954,,-0.448,-0.039,-17.19258,0.97969,838,8,,-0.51,-0.08
117,House,21704,23,1,MI,200,,,"BERGMAN, John",B001301,1947,,0.431,0.105,-87.72446,0.89982,831,29,,0.441,0.177
117,House,21940,23,9,MI,100,,,"LEVIN, Andy",L000592,1960,,-0.474,-0.563,-15.6005,0.98158,839,3,,-0.428,-0.572
117,House,21965,23,8,MI,100,,,"SLOTKIN, Elissa",S001208,1976,,-0.305,0.721,-64.23585,0.92376,810,20,,-0.34,0.94
117,House,21972,23,11,MI,100,,,"STEVENS, Haley",S001215,1983,,-0.382,0.29,-21.39281,0.97485,840,9,,-0.366,0.262
117,House,21975,23,13,MI,100,,,"TLAIB, Rashida",T000481,1976,,-0.272,-0.962,-48.81179,0.94282,829,21,,-0.27,-0.963
117,House,22136,23,10,MI,200,,,"MCCLAIN, Lisa C.",M001136,1966,,0.554,0.116,-132.88835,0.85303,836,53,,0.558,0.088
117,House,22137,23,3,MI,200,,,"MEIJER, Peter",M001186,1988,,0.245,0.213,-116.1168,0.87032,836,51,,0.241,0.22
117,House,20122,33,4,MN,100,,,"McCOLLUM, Betty",M001143,1954,,-0.417,-0.187,-24.43681,0.97116,835,11,,-0.357,-0.158
117,House,21531,33,6,MN,200,,,"EMMER, Thomas Earl II",E000294,1961,,0.456,-0.068,-130.43363,0.85228,816,49,,0.443,-0.057
117,House,21910,33,2,MN,100,,,"CRAIG, Angela",C001119,1972,,-0.267,0.649,-34.52621,0.95954,836,13,,-0.271,0.644
117,House,21929,33,1,MN,200,,,"HAGEDORN, Jim",H001088,1962,2022,0.477,0.345,-20.96589,0.94856,397,8,,0.531,0.362
117,House,21950,33,5,MN,100,,,"OMAR, Ilhan",O000173,1982,,-0.301,-0.954,-37.09319,0.95634,831,14,,-0.981,-0.192
117,House,21953,33,3,MN,100,,,"PHILLIPS, Dean",P000616,1969,,-0.274,0.183,-29.81503,0.96496,836,14,,-0.462,0.624
117,House,21969,33,8,MN,200,,,"STAUBER, Peter",S001212,1966,,0.345,0.003,-129.73339,0.85546,831,57,,0.385,-0.058
117,House,22114,33,7,MN,200,,,"FISCHBACH, Michelle",F000470,1965,,0.521,0.174,-80.00442,0.90915,840,30,,0.52,0.186
117,House,22167,33,1,MN,200,,,"FINSTAD, Brad",F000475,1976,,0.542,0.172,-22.88786,0.81953,115,13,,0.548,0.17
117,House,21148,46,4,MS,200,,,"PALAZZO, Steven",P000601,1970,,0.535,0.45,-99.37958,0.88573,819,46,,0.577,0.25
117,House,21561,46,1,MS,200,,,"KELLY, Trent",K000388,1966,,0.634,0.275,-76.10676,0.91228,829,25,,0.643,0.424
117,House,21927,46,3,MS,200,,,"GUEST, Michael",G000591,1970,,0.53,0.115,-85.112,0.89484,766,39,,0.588,0.207
117,House,29368,46,2,MS,100,,,"THOMPSON, Bennie",T000193,1948,,-0.517,0.395,-24.64646,0.97105,839,11,,-0.515,0.32
117,House,20124,34,6,MO,200,,,"GRAVES, Samuel",G000546,1963,,0.441,0.202,-68.97646,0.9208,836,26,,0.461,0.542
117,House,20517,34,5,MO,100,,,"CLEAVER, Emanuel, II",C001061,1944,,-0.453,0.015,-14.79159,0.98246,836,5,,-0.456,0.076
117,House,20926,34,3,MO,200,,,"LUETKEMEYER, Blaine",L000569,1952,,0.444,0.264,-91.82054,0.89431,822,29,,0.489,0.303
117,House,21149,34,4,MO,200,,,"HARTZLER, Vicky",H001053,1960,,0.478,0.229,-131.29064,0.84116,759,51,,0.499,0.032
117,House,21150,34,7,MO,200,,,"LONG, Billy",L000576,1955,,0.544,0.244,-90.26395,0.8966,827,37,,0.531,0.314
117,House,21337,34,2,MO,200,,,"WAGNER, Ann",W000812,1962,,0.419,0.176,-79.29694,0.9094,835,25,,0.374,0.224
117,House,21373,34,8,MO,200,,,"SMITH, Jason",S001195,1980,,0.58,0.265,-84.54435,0.90237,823,36,,0.559,0.46
117,House,22106,34,1,MO,100,,,"BUSH, Cori",B001224,1976,,-0.247,-0.969,-66.90226,0.92274,832,28,,-0.246,-0.969
117,House,22148,64,1,MT,200,,,"ROSENDALE, Matthew M., Sr.",R000103,1960,,0.751,-0.583,-128.84023,0.85411,817,55,,0.764,-0.527
117,House,20518,35,1,NE,200,,,"FORTENBERRY, Jeff",F000449,1960,,0.304,-0.061,-53.88885,0.88373,436,21,,0.347,-0.056
117,House,20729,35,3,NE,200,,,"SMITH, Adrian",S001172,1970,,0.515,0.22,-69.85858,0.91853,822,26,,0.538,0.67
117,House,21701,35,2,NE,200,,,"BACON, Donald J.",B001298,1963,,0.34,-0.014,-155.52169,0.83062,838,63,,0.279,0.002
117,House,22166,35,1,NE,200,,,"FLOOD, Mike",F000474,1975,,0.5,0.803,-18.83846,0.9207,228,10,,0.495,0.868
117,House,20927,65,1,NV,100,,,"TITUS, Alice (Dina)",T000468,1950,,-0.301,-0.204,-16.29269,0.98065,834,5,,-0.418,-0.084
117,House,21196,65,2,NV,200,,,"AMODEI, Mark E.",A000369,1958,,0.384,0.198,-89.29066,0.89812,831,37,,0.379,0.166
117,House,21339,65,4,NV,100,,,"HORSFORD, Steven",H001066,1973,,-0.346,0.121,-39.16285,0.95397,831,16,,-0.381,0.292
117,House,21938,65,3,NV,100,,,"LEE, Susie",L000590,1966,,-0.239,0.298,-29.67269,0.96505,834,9,,-0.256,0.447
117,House,21340,4,2,NH,100,,,"KUSTER, Ann McLane",K000382,1956,,-0.26,-0.102,-22.60424,0.97336,837,11,,-0.357,0.284
117,House,21951,4,1,NH,100,,,"PAPPAS, Chris",P000614,1980,,-0.252,0.372,-25.39357,0.97012,837,9,,-0.259,0.48
117,House,14863,12,4,NJ,200,,,"SMITH, Christopher Henry",S000522,1953,,0.173,-0.163,-216.34055,0.76982,827,100,,0.278,-0.188
117,House,15454,12,6,NJ,100,,,"PALLONE, Frank, Jr.",P000034,1951,,-0.405,-0.173,-19.15021,0.97743,839,6,,-0.362,-0.407
117,House,20542,12,8,NJ,100,,,"SIRES, Albio",S001165,1951,,-0.404,0.098,-30.74493,0.96372,832,10,,-0.358,0.116
117,House,21536,12,1,NJ,100,,,"NORCROSS, Donald",N000188,1958,,-0.423,0.327,-17.10331,0.97941,822,6,,-0.454,0.458
117,House,21538,12,12,NJ,100,,,"WATSON COLEMAN, Bonnie",W000822,1945,,-0.612,-0.166,-21.07854,0.97522,840,8,,-0.427,-0.481
117,House,21723,12,5,NJ,100,,,"GOTTHEIMER, Josh S.",G000583,1975,,-0.155,0.222,-43.19063,0.94947,833,12,,-0.209,0.362
117,House,21937,12,3,NJ,100,,,"KIM, Andy",K000394,1982,,-0.329,0.293,-26.02039,0.96946,839,15,,-0.461,0.427
117,House,21942,12,7,NJ,100,,,"MALINOWSKI, Tomaz",M001203,1965,,-0.272,0.121,-48.48107,0.94359,835,23,,-0.318,0.214
117,House,21964,12,11,NJ,100,,,"SHERRILL, Mikie",S001207,1972,,-0.215,0.25,-32.79104,0.96071,818,9,,-0.283,0.508
117,House,29741,12,9,NJ,100,,,"PASCRELL, William J., Jr.",P000096,1937,,-0.368,-0.007,-15.68454,0.98119,826,4,,-0.409,-0.006
117,House,31103,12,10,NJ,100,,,"PAYNE, Donald, Jr.",P000604,1958,,-0.521,-0.105,-16.36253,0.98066,838,7,,-0.595,-0.203
117,House,91980,12,2,NJ,200,,,"VAN DREW, Jefferson",V000133,1953,,0.366,-0.497,-247.15598,0.74247,830,117,,0.401,-0.507
117,House,21928,66,1,NM,100,,,"HAALAND, Debra",H001080,1960,,-0.332,-0.233,-1.32643,0.98149,71,1,,-0.567,-0.214
117,House,22123,66,2,NM,200,,,"HERRELL, Yvette",H001084,1964,,0.936,0.352,-165.92091,0.81601,816,80,,0.739,0.13
117,House,22131,66,3,NM,100,,,"LEGER FERNANDEZ, Teresa",L000273,1959,,-0.333,-0.14,-15.90658,0.98113,835,6,,-0.39,-0.19
117,House,22159,66,1,NM,100,,,"STANSBURY, Melanie Ann",S001218,1979,,-0.43,-0.284,-13.50497,0.98073,694,6,,-0.455,-0.211
117,House,20519,13,26,NY,100,,,"HIGGINS, Brian",H001038,1959,,-0.348,-0.033,-14.50204,0.98274,833,6,,-0.44,0.053
117,House,20733,13,9,NY,100,,,"CLARKE, Yvette Diane",C001067,1964,,-0.61,-0.231,-13.58002,0.98373,828,6,,-0.483,-0.491
117,House,20934,13,20,NY,100,,,"TONKO, Paul",T000469,1949,,-0.418,-0.26,-10.87891,0.98709,837,3,,-0.451,-0.205
117,House,21101,13,23,NY,200,,,"REED, Thomas W. II",R000585,1971,,0.269,0.12,-80.56808,0.84636,483,32,,0.227,0.152
117,House,21342,13,6,NY,100,,,"MENG, Grace",M001188,1975,,-0.379,-0.218,-18.78864,0.97778,836,7,,-0.464,-0.459
117,House,21343,13,8,NY,100,,,"JEFFRIES, Hakeem",J000294,1970,,-0.489,-0.091,-10.62477,0.98737,836,3,,-0.491,-0.139
117,House,21344,13,18,NY,100,,,"MALONEY, Sean Patrick",M001185,1966,,-0.239,0.114,-20.95984,0.97512,832,8,,-0.261,-0.002
117,House,21539,13,1,NY,200,,,"ZELDIN, Lee M",Z000017,1980,,0.397,-0.129,-94.07439,0.87971,734,40,,0.435,-0.087
117,House,21540,13,4,NY,100,,,"RICE, Kathleen Maura",R000602,1965,,-0.28,0.039,-47.01193,0.94375,812,16,,-0.215,0.081
117,House,21541,13,21,NY,200,,,"STEFANIK, Elise M",S001196,1984,,0.264,-0.025,-135.86747,0.84967,834,60,,0.394,0.313
117,House,21542,13,24,NY,200,,,"KATKO, John",K000386,1962,,0.185,0.013,-145.64636,0.83923,831,64,,0.161,-0.043
117,House,21715,13,13,NY,100,,,"ESPAILLAT, Adriano J.",E000297,1954,,-0.606,-0.232,-17.0127,0.97988,837,8,,-0.533,-0.523
117,House,21747,13,3,NY,100,,,"SUOZZI, Thomas",S001201,1962,,-0.219,0.087,-19.8182,0.97638,829,5,,-0.315,0.188
117,House,21749,13,22,NY,200,,,"TENNEY, Claudia",T000478,1961,,0.452,0.027,-143.3128,0.8382,812,59,,0.506,0.015
117,House,21761,13,25,NY,100,,,"MORELLE, Joseph D.",M001206,1957,,-0.334,0.132,-15.92799,0.98111,835,5,,-0.41,0.353
117,House,21916,13,19,NY,100,,,"DELGADO, Antonio",D000630,1977,,-0.233,0.277,-11.88706,0.97858,549,5,,-0.29,0.53
117,House,21949,13,14,NY,100,,,"OCASIO-CORTEZ, Alexandria",O000172,1989,,-0.269,-0.963,-48.07804,0.94372,830,20,,-0.298,-0.955
117,House,21990,13,27,NY,200,,,"JACOBS, Chris",J000020,1966,,0.306,0.049,-140.83774,0.84393,830,52,,0.309,0.051
117,House,22105,13,16,NY,100,,,"BOWMAN, Jamaal",B001223,1976,,-0.321,-0.947,-38.95105,0.95416,830,14,,-0.981,-0.192
117,House,22117,13,2,NY,200,,,"GARBARINO, Andrew R.",G000597,1984,,0.281,0.077,-90.6008,0.89635,828,34,,0.286,0.067
117,House,22127,13,17,NY,100,,,"JONES, Mondaire",J000306,1987,,-0.414,-0.533,-14.2568,0.98301,832,6,,-0.414,-0.535
117,House,22133,13,11,NY,200,,,"MALLIOTAKIS, Nicole",M000317,1980,,0.298,0.061,-135.59119,0.84995,834,60,,0.299,0.028
117,House,22154,13,15,NY,100,,,"TORRES, Ritchie",T000486,1988,,-0.415,-0.353,-14.66456,0.98249,830,3,,-0.537,-0.318
117,House,22169,13,19,NY,100,,,"RYAN, Patrick",R000579,1982,,-0.212,0.188,-0.372,0.99677,115,0,,-0.365,0.372
117,House,22170,13,23,NY,200,,,"SEMPOLINSKI, Joseph",S001219,1983,,0.545,0.047,-29.71059,0.77232,115,16,,0.529,0.092
117,House,29377,13,10,NY,100,,,"NADLER, Jerrold Lewis",N000002,1947,,-0.508,-0.497,-14.10087,0.98299,822,5,,-0.488,-0.356
117,House,29378,13,7,NY,100,,,"VELÁZQUEZ, Nydia M.",V000081,1953,,-0.547,-0.345,-12.87571,0.98468,834,5,,-0.47,-0.498
117,House,29379,13,12,NY,100,,,"MALONEY, Carolyn Bosher",M000087,1946,,-0.387,-0.285,-15.25203,0.98186,833,7,,-0.417,-0.374
117,House,29776,13,5,NY,100,,,"MEEKS, Gregory W.",M001137,1953,,-0.415,-0.071,-12.58388,0.98492,828,4,,-0.489,0.096
117,House,15438,47,4,NC,100,,,"PRICE, David Eugene",P000523,1940,,-0.343,-0.03,-12.32371,0.98492,811,3,,-0.456,0.113
117,House,20340,47,1,NC,100,,,"BUTTERFIELD, George Kenneth, Jr. (G.K.)",B001251,1947,,-0.404,0.184,-16.50003,0.98025,827,5,,-0.483,0.347
117,House,20521,47,5,NC,200,,,"FOXX, Virginia Ann",F000450,1943,,0.626,0.157,-125.37442,0.85461,798,48,,0.624,0.23
117,House,20522,47,10,NC,200,,,"McHENRY, Patrick T.",M001156,1975,,0.532,0.12,-131.78144,0.8483,801,54,,0.408,0.162
117,House,21346,47,8,NC,200,,,"HUDSON, Richard",H001067,1971,,0.533,0.151,-107.73534,0.87827,830,38,,0.424,0.211
117,House,21544,47,7,NC,200,,,"ROUZER, David",R000603,1972,,0.56,0.217,-100.66583,0.88643,835,45,,0.551,0.287
117,House,21545,47,12,NC,100,,,"ADAMS, Alma",A000370,1946,,-0.468,0.029,-15.27151,0.98188,835,8,,-0.466,0.094
117,House,21708,47,13,NC,200,,,"BUDD, Theodore Paul",B001305,1971,,0.633,-0.082,-155.28863,0.81409,755,70,,0.595,-0.09
117,House,21986,47,9,NC,200,,,"BISHOP, Dan",B001311,1964,,0.724,-0.317,-148.05588,0.83462,819,69,,0.697,-0.366
117,House,21987,47,3,NC,200,,,"MURPHY, Gregory Francis",M001210,1963,,0.496,0.035,-142.28719,0.83998,816,53,,0.474,-0.006
117,House,22109,47,11,NC,200,,,"CAWTHORN, Madison",C001104,1995,,0.555,-0.243,-172.26812,0.8082,809,84,,0.554,-0.246
117,House,22135,47,6,NC,100,,,"MANNING, Kathy E.",M001135,1956,,-0.265,0.328,-18.66895,0.97797,838,7,,-0.276,0.194
117,House,22149,47,2,NC,100,,,"ROSS, Deborah K.",R000305,1963,,-0.459,0.233,-15.14085,0.98212,839,5,,-0.408,0.267
117,House,21901,36,1,ND,200,,,"ARMSTRONG, Kelly",A000377,1976,,0.468,0.01,-120.39382,0.86028,800,45,,0.471,-0.04
117,House,21996,95,0,MP,100,,,"SABLAN, Gregorio Kilili Camacho",S001177,1955,,-0.454,-0.017,-0.2677,0.98106,14,0,,-0.411,-0.874
117,House,15029,24,9,OH,100,,,"KAPTUR, Marcia Carolyn (Marcy)",K000009,1946,,-0.348,0.116,-16.35568,0.98049,830,5,,-0.306,0.004
117,House,20342,24,10,OH,200,,,"TURNER, Michael R.",T000463,1960,,0.276,0.218,-97.72987,0.8879,822,41,,0.304,0.344
117,House,20343,24,13,OH,100,,,"RYAN, Timothy J.",R000577,1973,,-0.402,0.208,-14.35051,0.98286,830,6,,-0.358,-0.006
117,House,20738,24,4,OH,200,,,"JORDAN, Jim",J000289,1964,,0.717,-0.199,-116.5797,0.86702,817,36,,0.74,-0.123
117,House,20755,24,5,OH,200,,,"LATTA, Robert E.",L000566,1956,,0.512,0.276,-66.76083,0.9236,840,25,,0.481,0.289
117,House,20941,24,11,OH,100,,,"FUDGE, Marcia L.",F000455,1952,,-0.581,0.14,-1.13895,0.97913,54,1,,-0.295,0.196
117,House,21162,24,6,OH,200,,,"JOHNSON, Bill",J000292,1954,,0.424,0.27,-86.85606,0.90143,837,35,,0.391,0.205
117,House,21163,24,15,OH,200,,,"STIVERS, Steve",S001187,1965,,0.3,0.269,-11.4027,0.90714,117,7,,0.283,0.201
117,House,21165,24,7,OH,200,,,"GIBBS, Bob",G000563,1954,,0.484,0.284,-88.3757,0.89429,791,35,,0.524,0.199
117,House,21351,24,2,OH,200,,,"WENSTRUP, Brad",W000815,1958,,0.529,0.243,-82.47345,0.90563,832,34,,0.475,0.314
117,House,21352,24,3,OH,100,,,"BEATTY, Joyce",B001281,1950,,-0.438,0.038,-16.85582,0.98006,837,7,,-0.572,-0.047
117,House,21353,24,14,OH,200,,,"JOYCE, David",J000295,1957,,0.262,0.271,-78.87685,0.90955,832,32,,0.254,0.281
117,House,21564,24,8,OH,200,,,"DAVIDSON, Warren",D000626,1970,,0.664,-0.346,-201.7586,0.78398,829,95,,0.617,-0.394
117,House,21759,24,12,OH,200,,,"BALDERSON, Troy",B001306,1962,,0.425,0.353,-72.74967,0.91618,831,29,,0.42,0.228
117,House,21924,24,16,OH,200,,,"GONZALEZ, Anthony",G000588,1984,,0.24,0.315,-107.85637,0.87283,793,54,,0.208,0.295
117,House,22161,24,11,OH,100,,,"BROWN, Shontel  M.",B001313,1975,,-0.515,-0.044,-6.0386,0.98856,525,3,,-0.463,-0.046
117,House,22162,24,15,OH,200,,,"CAREY, Mike",C001126,1971,,0.417,0.032,-81.3901,0.85588,523,35,,0.409,-0.037
117,House,29550,24,1,OH,200,,,"CHABOT, Steve",C000266,1953,,0.542,-0.137,-150.48122,0.83563,838,65,,0.392,0.258
117,House,20344,53,4,OK,200,,,"COLE, Tom",C001053,1949,,0.329,0.374,-80.53234,0.90806,835,32,,0.309,0.501
117,House,21355,53,2,OK,200,,,"MULLIN, Markwayne",M001190,1977,,0.545,0.248,-113.50496,0.86894,808,55,,0.579,0.129
117,House,21760,53,1,OK,200,,,"HERN, Kevin",H001082,1961,,0.684,-0.06,-118.50882,0.86528,819,47,,0.695,-0.092
117,House,22102,53,5,OK,200,,,"BICE, Stephanie I.",B000740,1973,,0.406,0.426,-68.17433,0.92187,838,29,,0.408,0.434
117,House,29393,53,3,OK,200,,,"LUCAS, Frank D.",L000491,1960,,0.366,0.421,-61.15386,0.92797,818,24,,0.412,0.517
117,House,15410,72,4,OR,100,,,"DeFAZIO, Peter Anthony",D000191,1947,,-0.427,-0.002,-28.36461,0.96628,827,10,,-0.269,-0.412
117,House,20944,72,5,OR,100,,,"SCHRADER, Kurt",S001180,1951,,-0.182,0.054,-141.4911,0.84275,827,45,,-0.12,0.022
117,House,21198,72,1,OR,100,,,"BONAMICI, Suzanne",B001278,1954,,-0.394,-0.414,-11.49161,0.98641,840,5,,-0.41,-0.45
117,House,22101,72,2,OR,200,,,"BENTZ, Cliff",B000668,1952,,0.473,0.338,-75.15112,0.91422,838,30,,0.478,0.332
117,House,29588,72,3,OR,100,,,"BLUMENAUER, Earl",B000574,1948,,-0.427,-0.652,-16.42863,0.98042,831,7,,-0.37,-0.556
117,House,20946,14,15,PA,200,,,"THOMPSON, Glenn",T000467,1959,,0.322,0.394,-75.06822,0.91303,825,28,,0.355,0.513
117,House,21167,14,16,PA,200,,,"KELLY, Mike",K000376,1948,,0.371,0.405,-72.78255,0.91633,833,28,,0.438,0.319
117,House,21356,14,10,PA,200,,,"PERRY, Scott",P000605,1962,,0.673,-0.444,-152.09285,0.83164,825,68,,0.776,-0.447
117,House,21358,14,8,PA,100,,,"CARTWRIGHT, Matt",C001090,1961,,-0.356,-0.014,-28.05848,0.96608,813,14,,-0.243,0.011
117,House,21548,14,2,PA,100,,,"BOYLE, Brendan Francis",B001296,1977,,-0.398,0.132,-20.535,0.97574,836,7,,-0.474,0.243
117,House,21566,14,3,PA,100,,,"EVANS, Dwight",E000296,1954,,-0.466,-0.103,-16.15796,0.98088,837,8,,-0.555,-0.055
117,House,21718,14,1,PA,200,,,"FITZPATRICK, Brian K.",F000466,1973,,0.157,-0.186,-140.45033,0.84586,839,52,,0.137,-0.19
117,House,21745,14,11,PA,200,,,"SMUCKER, Lloyd K.",S001199,1964,,0.431,0.207,-83.02251,0.90503,832,31,,0.449,0.228
117,House,21756,14,17,PA,100,,,"LAMB, Conor",L000588,1984,,-0.143,0.212,-29.46819,0.96541,837,3,,-0.23,0.286
117,House,21762,14,5,PA,100,,,"SCANLON, Mary Gay",S001205,1959,,-0.447,-0.071,-16.23347,0.9807,833,6,,-0.378,-0.141
117,House,21763,14,7,PA,100,,,"WILD, Susan",W000826,1957,,-0.277,0.385,-46.81783,0.94528,832,19,,-0.209,0.143
117,House,21915,14,4,PA,100,,,"DEAN, Madeleine",D000631,1959,,-0.465,0.006,-11.04417,0.98691,838,2,,-0.39,-0.11
117,House,21934,14,6,PA,100,,,"HOULAHAN, Christina",H001085,1967,,-0.28,0.387,-22.5641,0.97337,836,7,,-0.284,0.335
117,House,21936,14,13,PA,200,,,"JOYCE, John",J000302,1957,,0.57,0.017,-145.45717,0.84048,837,63,,0.595,0.024
117,House,21945,14,9,PA,200,,,"MEUSER, Dan",M001204,1964,,0.498,0.245,-99.85459,0.88561,822,38,,0.428,0.111
117,House,21956,14,14,PA,200,,,"RESCHENTHALER, Guy",R000610,1983,,0.377,0.322,-69.10433,0.92057,835,29,,0.374,0.367
117,House,21985,14,12,PA,200,,,"KELLER, Fred",K000395,1965,,0.498,0.171,-87.31005,0.90106,838,35,,0.496,0.211
117,House,29561,14,18,PA,100,,,"DOYLE, Michael F.",D000482,1953,,-0.331,0.099,-39.28662,0.95001,766,15,,-0.384,-0.472
117,House,21992,92,0,PR,200,,,"GONZÁLEZ-CÓLON, Jenniffer",G000582,1976,,0.27,0.261,-5.73093,0.66408,14,3,,0.176,0.984
117,House,20136,5,2,RI,100,,,"LANGEVIN, James",L000559,1964,,-0.375,0.114,-19.96026,0.97638,835,8,,-0.353,0.23
117,House,21172,5,1,RI,100,,,"CICILLINE, David N.",C001084,1961,,-0.389,-0.262,-23.18,0.97256,833,9,,-0.312,-0.174
117,House,20138,48,2,SC,200,,,"WILSON, Addison Graves (Joe)",W000795,1947,,0.53,0.146,-93.41008,0.89133,812,37,,0.485,0.477
117,House,21174,48,3,SC,200,,,"DUNCAN, Jeff",D000615,1966,,0.701,-0.078,-156.11146,0.82626,818,80,,0.657,0.042
117,House,21359,48,7,SC,200,,,"RICE, Tom",R000597,1957,,0.558,-0.217,-216.26018,0.77062,830,91,,0.48,-0.194
117,House,21753,48,5,SC,200,,,"NORMAN, Ralph",N000190,1953,,0.852,-0.342,-77.05789,0.90828,801,27,,0.889,-0.457
117,House,21974,48,4,SC,200,,,"TIMMONS, William",T000480,1984,,0.591,0.21,-88.0053,0.90008,836,37,,0.588,0.269
117,House,22132,48,1,SC,200,,,"MACE, Nancy",M000194,1977,,0.363,-0.289,-216.34959,0.77078,831,90,,0.378,-0.219
117,House,39301,48,6,SC,100,,,"CLYBURN, James Enos",C000537,1940,,-0.465,0.251,-13.66407,0.98363,828,5,,-0.536,0.281
117,House,21935,37,1,SD,200,,,"JOHNSON, Dustin",J000301,1976,,0.438,0.223,-75.96015,0.91304,835,25,,0.403,0.361
117,House,15019,54,5,TN,100,,,"COOPER, James Hayes Shofner",C000754,1954,,-0.164,-0.033,-32.97128,0.9611,831,14,,-0.359,0.138
117,House,20748,54,9,TN,100,,,"COHEN, Stephen",C001068,1949,,-0.399,-0.344,-29.3935,0.96512,828,12,,-0.303,-0.409
117,House,21178,54,3,TN,200,,,"FLEISCHMANN, Chuck",F000459,1962,,0.466,0.272,-97.73761,0.89016,840,47,,0.497,0.177
117,House,21179,54,4,TN,200,,,"DESJARLAIS, Scott",D000616,1964,,0.579,-0.066,-136.25958,0.8491,833,60,,0.57,-0.013
117,House,21731,54,8,TN,200,,,"KUSTOFF, David",K000392,1966,,0.536,0.342,-75.07072,0.91382,833,31,,0.555,0.389
117,House,21905,54,2,TN,200,,,"BURCHETT, Timothy",B001309,1964,,0.665,-0.351,-143.60217,0.83754,810,60,,0.652,-0.353
117,House,21926,54,7,TN,200,,,"GREEN, Mark",G000590,1964,,0.675,0.018,-140.28965,0.84169,814,69,,0.65,-0.026
117,House,21959,54,6,TN,200,,,"ROSE, John",R000612,1965,,0.675,0.083,-118.283,0.86398,809,52,,0.679,0.087
117,House,22122,54,1,TN,200,,,"HARSHBARGER, Diana",H001086,1960,,0.687,0.06,-135.47986,0.8499,833,67,,0.689,0.074
117,House,20355,49,26,TX,200,,,"BURGESS, Michael C.",B001248,1950,,0.574,-0.201,-155.28738,0.82632,814,69,,0.582,-0.143
117,House,20356,49,31,TX,200,,,"CARTER, John R.",C001051,1941,,0.486,0.569,-153.42196,0.83123,830,59,,0.614,0.475
117,House,20527,49,1,TX,200,,,"GOHMERT, Louie",G000552,1953,,0.644,-0.406,-173.10977,0.803,789,86,,0.678,-0.496
117,House,20529,49,9,TX,100,,,"GREEN, Al",G000553,1947,,-0.439,0.291,-31.79118,0.96273,837,15,,-0.389,-0.282
117,House,20530,49,10,TX,200,,,"McCAUL, Michael T.",M001157,1962,,0.422,0.122,-88.32894,0.898,821,35,,0.349,0.409
117,House,20533,49,28,TX,100,,,"CUELLAR, Henry",C001063,1955,,-0.228,0.62,-74.89131,0.91451,838,31,,-0.287,0.684
117,House,21360,49,14,TX,200,,,"WEBER, Randy",W000814,1953,,0.73,0.024,-133.81872,0.84875,816,58,,0.82,0.179
117,House,21362,49,20,TX,100,,,"CASTRO, Joaquin",C001091,1974,,-0.402,-0.046,-15.18985,0.98197,835,4,,-0.434,-0.269
117,House,21364,49,25,TX,200,,,"WILLIAMS, Roger",W000816,1949,,0.586,0.134,-85.62826,0.89628,782,30,,0.587,0.182
117,House,21365,49,33,TX,100,,,"VEASEY, Marc",V000131,1971,,-0.403,0.336,-22.6879,0.9731,832,11,,-0.311,0.157
117,House,21366,49,34,TX,100,,,"VELA, Filemon",V000132,1963,,-0.311,0.407,-11.96004,0.97336,443,6,,-0.224,0.161
117,House,21551,49,36,TX,200,,,"BABIN, Brian",B001291,1948,,0.711,0.094,-121.32689,0.86385,829,60,,0.727,0.106
117,House,21700,49,19,TX,200,,,"ARRINGTON, Jodey Cook",A000375,1972,,0.647,-0.052,-138.51499,0.83672,777,63,,0.671,-0.042
117,House,21722,49,15,TX,100,,,"GONZALEZ, Vicente Jr.",G000581,1967,,-0.384,0.735,-47.67632,0.94277,809,17,,-0.29,0.468
117,House,21758,49,27,TX,200,,,"CLOUD, Michael",C001115,1975,,0.683,-0.3,-137.26783,0.84394,809,60,,0.714,-0.282
117,House,21900,49,32,TX,100,,,"ALLRED, Colin",A000376,1983,,-0.451,0.75,-15.34126,0.98171,831,4,,-0.399,0.495
117,House,21911,49,2,TX,200,,,"CRENSHAW, Daniel",C001120,1984,,0.429,0.22,-108.32137,0.87611,819,39,,0.447,0.121
117,House,21917,49,16,TX,100,,,"ESCOBAR, Veronica",E000299,1969,,-0.446,-0.373,-61.3004,0.92922,835,20,,-0.529,-0.525
117,House,21919,49,7,TX,100,,,"FLETCHER, Elizabeth",F000468,1975,,-0.437,0.9,-34.45138,0.95972,838,15,,-0.236,0.285
117,House,21922,49,29,TX,100,,,"GARCIA, Sylvia",G000587,1950,,-0.809,0.518,-51.60452,0.94007,835,21,,-0.878,0.453
117,House,21925,49,5,TX,200,,,"GOODEN, Lance",G000589,1982,,0.752,-0.067,-154.22796,0.83172,837,72,,0.765,-0.119
117,House,21961,49,21,TX,200,,,"ROY, Charles",R000614,1972,,0.8,-0.6,-103.40277,0.87918,803,44,,0.798,-0.603
117,House,21973,49,3,TX,200,,,"TAYLOR, Nicholas",T000479,1972,,0.581,-0.223,-175.65639,0.80822,825,90,,0.604,-0.245
117,House,21984,49,6,TX,200,,,"WRIGHT, Ron",W000827,1953,2021,0.711,-0.09,-0.27921,0.98025,14,0,,0.908,-0.418
117,House,22112,49,4,TX,200,,,"FALLON, Pat",F000246,1967,,0.724,0.145,-119.83931,0.86449,823,53,,0.719,0.146
117,House,22119,49,23,TX,200,,,"GONZALES, Tony",G000594,1980,,0.299,0.393,-67.97063,0.922,837,25,,0.309,0.384
117,House,22125,49,13,TX,200,,,"JACKSON, Ronny",J000304,1967,,0.783,0.168,-102.39526,0.88056,805,40,,0.78,0.163
117,House,22143,49,22,TX,200,,,"NEHLS, Troy E.",N000026,1968,,0.634,-0.13,-141.26608,0.84157,819,68,,0.636,-0.114
117,House,22147,49,11,TX,200,,,"PFLUGER, August",P000048,1977,,0.659,0.391,-85.38397,0.90123,821,37,,0.662,0.367
117,House,22155,49,24,TX,200,,,"VAN DUYNE, Beth",V000134,1970,,0.58,-0.007,-120.70211,0.86556,836,57,,0.577,0.01
117,House,22160,49,6,TX,200,,,"ELLZEY, Jake",E000071,1970,,0.518,0.365,-66.68168,0.8958,606,28,,0.514,0.358
117,House,22165,49,34,TX,200,,,"FLORES, Mayra",F000473,1986,,0.336,0.623,-18.15622,0.92995,250,5,,0.342,0.653
117,House,29571,49,35,TX,100,,,"DOGGETT, Lloyd Alton, II",D000399,1946,,-0.402,-0.316,-21.10912,0.97498,833,6,,-0.329,-0.409
117,House,29573,49,18,TX,100,,,"JACKSON LEE, Sheila",J000032,1950,,-0.46,0.125,-15.3295,0.98181,835,7,,-0.391,-0.147
117,House,29759,49,17,TX,200,,,"SESSIONS, Pete",S000250,1955,,0.592,0.133,-164.11475,0.81981,826,70,,0.587,-0.035
117,House,29760,49,8,TX,200,,,"BRADY, Kevin Patrick",B000755,1955,,0.52,0.239,-73.2156,0.89863,685,27,,0.477,0.473
117,House,29762,49,12,TX,200,,,"GRANGER, Kay",G000377,1943,,0.403,0.233,-132.15946,0.85115,820,49,,0.465,0.201
117,House,39305,49,30,TX,100,,,"JOHNSON, Eddie Bernice",J000126,1935,,-0.485,0.198,-19.27868,0.97709,832,11,,-0.488,-0.023
117,House,21367,67,2,UT,200,,,"STEWART, Chris",S001192,1960,,0.502,0.167,-101.7428,0.88541,836,40,,0.439,0.136
117,House,21755,67,3,UT,200,,,"CURTIS, John R.",C001114,1960,,0.475,0.08,-118.11649,0.86706,828,44,,0.409,0.121
117,House,22141,67,1,UT,200,,,"MOORE, Blake D.",M001213,1980,,0.349,0.378,-70.14883,0.91924,833,24,,0.349,0.353
117,House,22146,67,4,UT,200,,,"OWENS, Burgess",O000086,1951,,0.455,0.249,-81.01384,0.90722,832,31,,0.451,0.249
117,House,20750,6,1,VT,100,,,"WELCH, Peter",W000800,1947,,-0.407,-0.357,-24.37586,0.97092,826,11,,-0.301,-0.469
117,House,21994,96,0,VI,100,,,"PLASKETT, Stacey E.",P000610,1966,,-0.41,0.444,-0.85667,0.94064,14,0,,-0.411,-0.874
117,House,20756,40,1,VA,200,,,"WITTMAN, Robert J.",W000804,1959,,0.446,0.007,-83.04496,0.90117,798,25,,0.463,0.181
117,House,20952,40,11,VA,100,,,"CONNOLLY, Gerald E. (Gerry)",C001078,1950,,-0.307,-0.029,-21.19564,0.97502,838,7,,-0.311,-0.101
117,House,21191,40,9,VA,200,,,"GRIFFITH, H. Morgan",G000568,1958,,0.533,-0.396,-188.58764,0.79499,822,89,,0.499,-0.356
117,House,21554,40,8,VA,100,,,"BEYER, Donald Sternoff Jr.",B001292,1950,,-0.387,-0.062,-11.86351,0.98594,838,2,,-0.409,-0.123
117,House,21736,40,4,VA,100,,,"MCEACHIN, Aston Donald",M001200,1961,2022,-0.381,-0.017,-19.80339,0.97496,781,12,,-0.493,0.309
117,House,21908,40,6,VA,200,,,"CLINE, Benjamin",C001118,1972,,0.717,-0.207,-132.9937,0.85145,827,53,,0.734,-0.17
117,House,21941,40,2,VA,100,,,"LURIA, Elaine",L000591,1975,,-0.206,0.426,-48.57943,0.94374,839,15,,-0.401,0.854
117,House,21966,40,7,VA,100,,,"SPANBERGER, Abigail",S001209,1979,,-0.175,0.332,-43.80488,0.94877,833,18,,-0.197,0.41
117,House,21983,40,10,VA,100,,,"WEXTON, Jennifer",W000825,1968,,-0.348,0.296,-30.12914,0.96464,837,14,,-0.252,0.205
117,House,22120,40,5,VA,200,,,"GOOD, Bob",G000595,1965,,0.8,-0.6,-136.88357,0.84381,806,66,,0.835,-0.359
117,House,39307,40,3,VA,100,,,"SCOTT, Robert C.",S000185,1947,,-0.45,0.015,-15.5726,0.98154,836,9,,-0.488,0.096
117,House,20145,73,2,WA,100,,,"LARSEN, Richard Ray (Rick)",L000560,1965,,-0.365,0.181,-18.9054,0.97737,826,8,,-0.435,0.113
117,House,20535,73,5,WA,200,,,"McMORRIS RODGERS, Cathy",M001159,1969,,0.422,0.137,-75.88798,0.91212,825,27,,0.402,0.333
117,House,21187,73,3,WA,200,,,"HERRERA BEUTLER, Jaime",H001056,1978,,0.336,-0.129,-125.94746,0.85632,812,53,,0.286,0.129
117,House,21368,73,6,WA,100,,,"KILMER, Derek",K000381,1974,,-0.309,-0.014,-13.33876,0.98423,839,4,,-0.305,-0.081
117,House,21556,73,4,WA,200,,,"NEWHOUSE, Daniel Milton",N000189,1955,,0.329,0.288,-85.25165,0.90137,821,41,,0.291,0.379
117,House,21726,73,7,WA,100,,,"JAYAPAL, Pramila",J000298,1965,,-0.659,-0.416,-17.5821,0.97919,836,7,,-0.472,-0.636
117,House,21962,73,8,WA,100,,,"SCHRIER, Kim",S001216,1968,,-0.293,0.467,-24.6276,0.97104,838,10,,-0.295,0.59
117,House,22153,73,10,WA,100,,,"STRICKLAND, Marilyn",S001159,1962,,-0.411,0.314,-22.71345,0.97281,824,12,,-0.399,0.356
117,House,29768,73,9,WA,100,,,"SMITH, Adam",S000510,1965,,-0.287,-0.163,-26.70563,0.96856,836,10,,-0.612,0.18
117,House,31101,73,1,WA,100,,,"DelBENE, Suzan K.",D000617,1962,,-0.289,-0.201,-19.70276,0.97682,840,7,,-0.475,0.289
117,House,21188,56,1,WV,200,,,"McKINLEY, David",M001180,1947,,0.3,0.178,-109.51066,0.86381,748,48,,0.298,0.113
117,House,21557,56,2,WV,200,,,"MOONEY, Alex X.",M001195,1971,,0.555,-0.197,-132.00387,0.85247,827,51,,0.537,-0.044
117,House,21946,56,3,WV,200,,,"MILLER, Carol",M001205,1950,,0.488,0.299,-58.28112,0.93107,816,17,,0.501,0.384
117,House,20537,25,4,WI,100,,,"MOORE, Gwendolynne S. (Gwen)",M001160,1951,,-0.525,-0.252,-32.10339,0.96206,830,12,,-0.302,-0.45
117,House,21370,25,2,WI,100,,,"POCAN, Mark",P000607,1964,,-0.532,-0.553,-26.10081,0.96908,831,9,,-0.407,-0.642
117,House,21559,25,6,WI,200,,,"GROTHMAN, Glenn",G000576,1955,,0.601,-0.254,-172.61984,0.81243,831,80,,0.581,-0.285
117,House,21720,25,8,WI,200,,,"GALLAGHER, Michael",G000579,1984,,0.428,0.012,-107.77194,0.8767,819,42,,0.412,0.086
117,House,21970,25,1,WI,200,,,"STEIL, Bryan",S001213,1981,,0.412,0.051,-77.77912,0.91146,839,31,,0.424,0.176
117,House,21989,25,7,WI,200,,,"TIFFANY, Thomas P.",T000165,1957,,0.643,-0.212,-132.25081,0.84815,803,56,,0.641,-0.19
117,House,22115,25,5,WI,200,,,"FITZGERALD, Scott",F000471,1963,,0.611,0.245,-102.04703,0.88431,830,48,,0.617,0.272
117,House,29769,25,3,WI,100,,,"KIND, Ron",K000188,1963,,-0.26,-0.08,-65.96909,0.92421,837,20,,-0.176,-0.105
117,House,21710,68,1,WY,200,,,"CHENEY, Liz",C001109,1966,,0.405,0.82,-188.67119,0.75832,682,70,,0.282,0.815
117,Senate,42102,41,0,AL,200,,,"TUBERVILLE, Thomas Hawley (Tommy)",T000278,1954,,0.936,-0.352,-90.88991,0.90271,888,35,,0.857,-0.224
117,Senate,94659,41,0,AL,200,,,"SHELBY, Richard C.",S000320,1934,,0.446,0.57,-163.57584,0.82305,840,90,,0.536,0.494
117,Senate,40300,81,0,AK,200,,,"MURKOWSKI, Lisa",M001153,1957,,0.21,-0.305,-137.56429,0.84927,842,63,,0.212,-0.371
117,Senate,41500,81,0,AK,200,,,"SULLIVAN, Daniel Scott",S001198,1964,,0.481,0.085,-249.36177,0.74652,853,111,,0.484,0.069
117,Senate,21300,61,0,AZ,100,,,"SINEMA, Kyrsten",S001191,1976,,-0.105,0.076,-40.94784,0.95402,870,11,,-0.153,0.212
117,Senate,41905,61,0,AZ,100,,,"KELLY, Mark Edward",K000377,1964,,-0.197,0.291,-31.61683,0.96502,888,17,,-0.217,0.42
117,Senate,20101,42,0,AR,200,,,"BOOZMAN, John",B001236,1950,,0.426,0.332,-175.21191,0.8231,900,79,,0.546,0.322
117,Senate,21301,42,0,AR,200,,,"COTTON, Tom",C001095,1977,,0.604,0.139,-121.62862,0.87213,889,54,,0.641,0.206
117,Senate,41701,71,0,CA,100,,,"HARRIS, Kamala Devi",H001075,1964,,-0.709,-0.105,-0.00037,0.99981,2,0,,0,0
117,Senate,42104,71,0,CA,100,,,"PADILLA, Alejandro (Alex)",P000145,1973,,-0.394,-0.38,-10.78164,0.988,893,5,,-0.418,-0.381
117,Senate,49300,71,0,CA,100,,,"FEINSTEIN, Dianne",F000062,1933,,-0.268,-0.183,-9.42841,0.9882,794,1,,-0.296,-0.196
117,Senate,40910,62,0,CO,100,,,"BENNET, Michael F.",B001267,1964,,-0.23,-0.169,-16.75457,0.98129,887,7,,-0.287,-0.026
117,Senate,42101,62,0,CO,100,,,"HICKENLOOPER, John Wright",H000273,1952,,-0.246,-0.07,-25.81669,0.97112,881,7,,-0.229,-0.108
117,Senate,20707,1,0,CT,100,,,"MURPHY, Christopher",M001169,1973,,-0.271,-0.198,-17.79507,0.98014,887,5,,-0.32,-0.26
117,Senate,41101,1,0,CT,100,,,"BLUMENTHAL, Richard",B001277,1946,,-0.435,-0.169,-20.18485,0.97763,892,7,,-0.365,-0.242
117,Senate,15015,11,0,DE,100,,,"CARPER, Thomas Richard",C000174,1947,,-0.178,-0.226,-31.41088,0.96581,903,8,,-0.304,-0.333
117,Senate,40916,11,0,DE,100,,,"COONS, Christopher A.",C001088,1963,,-0.231,-0.212,-12.38373,0.98633,900,3,,-0.256,-0.197
117,Senate,41102,43,0,FL,200,,,"RUBIO, Marco",R000595,1971,,0.611,-0.153,-146.99669,0.84238,857,59,,0.647,-0.106
117,Senate,41903,43,0,FL,200,,,"SCOTT, Richard Lynn (Rick)",S001217,1952,,0.66,0.178,-95.55603,0.89787,887,42,,0.723,0.182
117,Senate,41904,44,0,GA,200,,,"LOEFFLER, Kelly",L000594,1970,,0.555,-0.203,-0.16867,0.91912,2,0,,0,0
117,Senate,42103,44,0,GA,100,,,"OSSOFF, Thomas Jonathan (Jon)",O000174,1987,,-0.464,0.441,-25.81525,0.9706,865,10,,-0.465,0.513
117,Senate,42105,44,0,GA,100,,,"WARNOCK, Raphael Gamaliel",W000790,1969,,-0.411,0.385,-28.21953,0.96761,857,16,,-0.392,0.463
117,Senate,20713,82,0,HI,100,,,"HIRONO, Mazie",H001042,1947,,-0.512,-0.087,-13.23806,0.9854,900,4,,-0.483,-0.196
117,Senate,41112,82,0,HI,100,,,"SCHATZ, Brian Emanuel",S001194,1972,,-0.443,-0.107,-18.9017,0.97899,890,6,,-0.443,-0.027
117,Senate,29345,63,0,ID,200,,,"CRAPO, Michael Dean",C000880,1951,,0.501,0.285,-179.19343,0.81763,890,94,,0.45,0.395
117,Senate,40902,63,0,ID,200,,,"RISCH, James",R000584,1943,,0.55,0.402,-165.25648,0.82141,840,86,,0.466,0.411
117,Senate,15021,21,0,IL,100,,,"DURBIN, Richard Joseph",D000563,1944,,-0.348,-0.303,-9.4852,0.98956,904,2,,-0.313,-0.181
117,Senate,21325,21,0,IL,100,,,"DUCKWORTH, Tammy",D000622,1968,,-0.336,0.093,-14.70166,0.98354,886,5,,-0.322,-0.212
117,Senate,21133,22,0,IN,200,,,"YOUNG, Todd",Y000064,1972,,0.45,-0.054,-165.03567,0.82935,882,58,,0.419,0.02
117,Senate,41900,22,0,IN,200,,,"BRAUN, Michael",B001310,1954,,0.8,0.6,-90.60235,0.90217,880,38,,0.74,0.375
117,Senate,14226,31,0,IA,200,,,"GRASSLEY, Charles Ernest",G000386,1933,,0.356,-0.046,-243.64431,0.7642,906,119,,0.417,-0.12
117,Senate,41502,31,0,IA,200,,,"ERNST, Joni",E000295,1970,,0.541,-0.048,-171.12771,0.82236,875,76,,0.574,-0.16
117,Senate,21734,32,0,KS,200,,,"MARSHALL, Roger Wayne",M001198,1960,,0.582,0.188,-122.77354,0.87033,884,47,,0.643,0.099
117,Senate,29722,32,0,KS,200,,,"MORAN, Jerry",M000934,1954,,0.417,0.219,-151.22077,0.83008,812,63,,0.413,0.328
117,Senate,14921,51,0,KY,200,,,"McCONNELL, Addison Mitchell (Mitch)",M000355,1942,,0.404,0.012,-203.97274,0.79374,883,90,,0.419,0.015
117,Senate,41104,51,0,KY,200,,,"PAUL, Rand",P000603,1963,,0.89,-0.456,-146.07228,0.84142,846,64,,0.905,-0.425
117,Senate,20919,45,0,LA,200,,,"CASSIDY, Bill",C001075,1957,,0.469,-0.063,-226.39075,0.77294,879,96,,0.474,-0.033
117,Senate,41703,45,0,LA,200,,,"KENNEDY, John Neely",K000393,1951,,0.548,-0.072,-222.52542,0.77014,852,86,,0.569,-0.089
117,Senate,41300,2,0,ME,328,,,"KING, Angus Stanley, Jr.",K000383,1944,,-0.162,-0.21,-23.76863,0.97394,900,6,,-0.193,-0.159
117,Senate,49703,2,0,ME,200,,,"COLLINS, Susan Margaret",C001035,1952,,0.117,-0.533,-91.93862,0.9035,906,39,,0.138,-0.513
117,Senate,15408,52,0,MD,100,,,"CARDIN, Benjamin Louis",C000141,1943,,-0.32,-0.227,-13.47242,0.98509,897,7,,-0.295,-0.311
117,Senate,20330,52,0,MD,100,,,"VAN HOLLEN, Christopher",V000128,1959,,-0.391,-0.208,-10.22668,0.98817,859,3,,-0.374,-0.102
117,Senate,14435,3,0,MA,100,,,"MARKEY, Edward John",M000133,1946,,-0.514,-0.46,-29.20487,0.96786,894,11,,-0.647,-0.472
117,Senate,41301,3,0,MA,100,,,"WARREN, Elizabeth",W000817,1949,,-0.752,-0.337,-26.5392,0.97094,900,10,,-0.67,-0.466
117,Senate,20923,23,0,MI,100,,,"PETERS, Gary C.",P000595,1958,,-0.246,-0.186,-13.95716,0.98442,889,6,,-0.284,-0.119
117,Senate,29732,23,0,MI,100,,,"STABENOW, Deborah Ann",S000770,1950,,-0.342,-0.016,-15.33826,0.98306,898,6,,-0.337,0.044
117,Senate,40700,33,0,MN,100,,,"KLOBUCHAR, Amy",K000367,1960,,-0.284,-0.365,-17.31401,0.98084,895,9,,-0.297,-0.131
117,Senate,41706,33,0,MN,100,,,"SMITH, Tina",S001203,1958,,-0.398,-0.065,-14.63524,0.98382,897,7,,-0.447,-0.079
117,Senate,29534,46,0,MS,200,,,"WICKER, Roger F.",W000437,1951,,0.376,0.35,-164.50422,0.83158,892,80,,0.381,0.332
117,Senate,41707,46,0,MS,200,,,"HYDE-SMITH, Cindy",H001079,1959,,0.449,0.356,-159.37726,0.83243,869,74,,0.457,0.353
117,Senate,29735,34,0,MO,200,,,"BLUNT, Roy",B000575,1950,,0.398,0.18,-262.25106,0.72797,826,126,,0.314,0.182
117,Senate,41901,34,0,MO,200,,,"HAWLEY, Joshua David",H001089,1979,,0.749,-0.216,-134.52953,0.85971,890,57,,0.813,-0.177
117,Senate,21338,64,0,MT,200,,,"DAINES, Steve",D000618,1962,,0.584,-0.036,-120.41363,0.86849,854,45,,0.592,0.068
117,Senate,40702,64,0,MT,100,,,"TESTER, Jon",T000464,1956,,-0.214,0.162,-48.49476,0.94777,904,19,,-0.184,0.148
117,Senate,41302,35,0,NE,200,,,"FISCHER, Debra (Deb)",F000463,1951,,0.461,0.306,-134.75113,0.85727,875,50,,0.455,0.255
117,Senate,41503,35,0,NE,200,,,"SASSE, Benjamin Eric",S001197,1972,,0.669,-0.25,-168.18766,0.82105,853,79,,0.573,-0.098
117,Senate,21743,65,0,NV,100,,,"ROSEN, Jacklyn Sheryl",R000608,1957,,-0.288,0.326,-24.30044,0.97289,884,11,,-0.259,0.202
117,Senate,41700,65,0,NV,100,,,"CORTEZ MASTO, Catherine Marie",C001113,1964,,-0.36,0.332,-31.61051,0.96552,901,14,,-0.237,0.208
117,Senate,40906,4,0,NH,100,,,"SHAHEEN, Jeanne",S001181,1947,,-0.238,-0.137,-15.54144,0.98207,859,6,,-0.235,-0.13
117,Senate,41702,4,0,NH,100,,,"HASSAN, Margaret (Maggie)",H001076,1958,,-0.233,0.022,-42.13088,0.95412,897,18,,-0.212,0.185
117,Senate,29373,12,0,NJ,100,,,"MENENDEZ, Robert",M000639,1954,,-0.367,-0.123,-24.58604,0.97232,876,9,,-0.443,-0.012
117,Senate,41308,12,0,NJ,100,,,"BOOKER, Cory Anthony",B001288,1969,,-0.585,-0.272,-24.48223,0.97262,882,10,,-0.516,-0.415
117,Senate,20930,66,0,NM,100,,,"HEINRICH, Martin",H001046,1971,,-0.33,-0.022,-16.81408,0.98114,883,7,,-0.439,0.053
117,Senate,20932,66,0,NM,100,,,"LUJÁN, Ben Ray",L000570,1972,,-0.368,0.015,-15.09657,0.98206,834,7,,-0.421,0.048
117,Senate,14858,13,0,NY,100,,,"SCHUMER, Charles Ellis (Chuck)",S000148,1950,,-0.355,-0.418,-48.62319,0.94695,892,15,,-0.242,-0.617
117,Senate,20735,13,0,NY,100,,,"GILLIBRAND, Kirsten",G000555,1966,,-0.471,-0.426,-15.64363,0.98271,897,7,,-0.385,-0.521
117,Senate,29548,47,0,NC,200,,,"BURR, Richard M.",B001135,1955,,0.435,-0.07,-207.32327,0.76528,775,100,,0.363,0.074
117,Senate,41504,47,0,NC,200,,,"TILLIS, Thomas Roland (Thom)",T000476,1960,,0.4,-0.114,-238.70615,0.75441,847,108,,0.399,-0.152
117,Senate,21350,36,0,ND,200,,,"CRAMER, Kevin",C001096,1961,,0.398,0.392,-147.7398,0.82884,787,66,,0.386,0.532
117,Senate,41107,36,0,ND,200,,,"HOEVEN, John",H001061,1957,,0.389,0.438,-137.43671,0.85525,879,61,,0.443,0.461
117,Senate,29386,24,0,OH,200,,,"PORTMAN, Robert Jones (Rob)",P000449,1955,,0.371,-0.208,-201.86383,0.79229,867,82,,0.338,-0.061
117,Senate,29389,24,0,OH,100,,,"BROWN, Sherrod",B000944,1952,,-0.427,-0.106,-13.48139,0.98507,896,6,,-0.402,-0.094
117,Senate,15424,53,0,OK,200,,,"INHOFE, James Mountain",I000024,1934,,0.552,0.045,-123.1535,0.85879,809,49,,0.539,0.111
117,Senate,21166,53,0,OK,200,,,"LANKFORD, James",L000575,1968,,0.607,0.176,-96.15092,0.89867,900,39,,0.67,0.001
117,Senate,14871,72,0,OR,100,,,"WYDEN, Ronald Lee",W000779,1949,,-0.33,-0.478,-16.92425,0.98129,896,9,,-0.349,-0.572
117,Senate,40908,72,0,OR,100,,,"MERKLEY, Jeff",M001176,1956,,-0.444,-0.736,-24.25557,0.97247,869,8,,-0.459,-0.656
117,Senate,29935,14,0,PA,200,,,"TOOMEY, Patrick Joseph",T000461,1961,,0.624,-0.378,-195.04865,0.78411,802,102,,0.614,-0.487
117,Senate,40703,14,0,PA,100,,,"CASEY, Robert (Bob), Jr.",C001070,1960,,-0.313,0.169,-21.36973,0.97633,892,7,,-0.296,0.046
117,Senate,29142,5,0,RI,100,,,"REED, John F. (Jack)",R000122,1949,,-0.367,-0.175,-11.25936,0.98761,903,4,,-0.384,-0.235
117,Senate,40704,5,0,RI,100,,,"WHITEHOUSE, Sheldon",W000802,1955,,-0.355,-0.087,-13.45753,0.98508,895,5,,-0.37,-0.187
117,Senate,21173,48,0,SC,200,,,"SCOTT, Tim",S001184,1965,,0.63,-0.011,-141.80352,0.85226,887,58,,0.611,0.009
117,Senate,29566,48,0,SC,200,,,"GRAHAM, Lindsey O.",G000359,1955,,0.372,-0.264,-250.1051,0.73929,828,151,,0.318,-0.353
117,Senate,29754,37,0,SD,200,,,"THUNE, John",T000250,1961,,0.428,0.211,-143.73469,0.85194,897,58,,0.465,0.269
117,Senate,41505,37,0,SD,200,,,"ROUNDS, Marion Michael (Mike)",R000605,1954,,0.365,0.07,-184.54399,0.77111,710,86,,0.357,0.04
117,Senate,20351,54,0,TN,200,,,"BLACKBURN, Marsha",B001243,1952,,0.627,0.15,-106.80738,0.88231,853,41,,0.667,0.15
117,Senate,42100,54,0,TN,200,,,"HAGERTY, William Francis (Bill)",H000601,1959,,0.696,-0.147,-134.93338,0.85769,879,54,,0.711,-0.209
117,Senate,40305,49,0,TX,200,,,"CORNYN, John",C001056,1952,,0.473,-0.08,-190.76897,0.79876,849,89,,0.451,-0.119
117,Senate,41304,49,0,TX,200,,,"CRUZ, Rafael Edward (Ted)",C001098,1970,,0.815,-0.212,-75.2656,0.91516,849,34,,0.783,-0.072
117,Senate,41110,67,0,UT,200,,,"LEE, Mike",L000577,1971,,0.891,-0.454,-137.62589,0.85791,898,66,,0.866,-0.5
117,Senate,41902,67,0,UT,200,,,"ROMNEY, Willard Mitt (Mitt)",R000615,1947,,0.288,0.305,-217.90075,0.77618,860,94,,0.287,0.229
117,Senate,14307,6,0,VT,100,,,"LEAHY, Patrick Joseph",L000174,1940,,-0.36,-0.121,-8.63674,0.98985,847,3,,-0.403,-0.16
117,Senate,29147,6,0,VT,328,,,"SANDERS, Bernard",S000033,1941,,-0.538,-0.392,-102.67356,0.88218,819,35,,-0.925,-0.357
117,Senate,40909,40,0,VA,100,,,"WARNER, Mark",W000805,1954,,-0.205,-0.051,-13.45355,0.98498,889,2,,-0.275,-0.159
117,Senate,41305,40,0,VA,100,,,"KAINE, Timothy Michael (Tim)",K000384,1958,,-0.245,-0.062,-17.25558,0.98045,874,5,,-0.274,-0.051
117,Senate,39310,73,0,WA,100,,,"CANTWELL, Maria E.",C000127,1958,,-0.305,-0.413,-10.61862,0.98824,898,3,,-0.381,-0.132
117,Senate,49308,73,0,WA,100,,,"MURRAY, Patty",M001111,1950,,-0.352,-0.307,-9.03824,0.98977,879,2,,-0.388,-0.152
117,Senate,20146,56,0,WV,200,,,"CAPITO, Shelley Moore",C001047,1953,,0.277,0.127,-175.28991,0.81883,877,70,,0.326,0.113
117,Senate,40915,56,0,WV,100,,,"MANCHIN, Joe, III",M001183,1947,,-0.059,0.407,-84.28751,0.90685,862,27,,-0.078,0.381
117,Senate,29940,25,0,WI,100,,,"BALDWIN, Tammy",B001230,1962,,-0.492,-0.135,-22.33191,0.97538,896,10,,-0.467,-0.027
117,Senate,41111,25,0,WI,200,,,"JOHNSON, Ron",J000293,1955,,0.627,-0.14,-138.26983,0.85036,853,59,,0.617,0.035
117,Senate,20953,68,0,WY,200,,,"LUMMIS, Cynthia M.",L000571,1954,,0.693,-0.346,-143.31744,0.846,857,62,,0.722,-0.361
117,Senate,40707,68,0,WY,200,,,"BARRASSO, John A.",B001261,1952,,0.538,0.222,-119.90217,0.86319,815,44,,0.542,0.144